chr	start	stop	mean difference	#CpGs	mean g1	mean g2	annot.symbol	annot.type	p(MWU)_new	-log10(q)	hue
chr1	1462332	1462573	0.017605	10	0.6217	0.6041	ATAD3C	hg38_genes_promoters	0.2932810790446924	0.5035903292411182	0
chr1	52725373	52725663	-0.022686	10	0.8213	0.84399	ZYG11B	hg38_genes_promoters	0.0055907025880251	1.9522854233475138	0
chr1	52913060	52914042	-0.040384	15	0.67327	0.71365	ECHDC2	hg38_genes_promoters	0.0121180383457434	1.682819704660476	0
chr1	54018117	54018685	-0.04499	10	0.6812	0.72619	LDLRAD1	hg38_genes_promoters	0.0295922534910252	1.3597168232596797	0
chr1	62263493	62264188	-0.030211	16	0.79031	0.82052	KANK4	hg38_genes_promoters	1.6728451528025987e-05	4.073643959755607	0
chr1	94063142	94063707	-0.018729	10	0.5517	0.57043	ABCA4	hg38_genes_promoters	0.3238358650002957	0.4666082850683795	0
chr1	108830573	108830807	-0.036464	12	0.42758	0.46405	AKNAD1	hg38_genes_promoters	0.0457945041326065	1.2023486792955416	0
chr1	109669270	109669533	-0.033451	12	0.65042	0.68387	GSTM2	hg38_genes_promoters	0.0016580335379349	2.4034696268924955	0
chr1	111503848	111504416	-0.042544	10	0.4066	0.44914	ADORA3	hg38_genes_promoters	0.2275368805749876	0.599358934206939	0
chr1	111503848	111504416	-0.042544	10	0.4066	0.44914	TMIGD3	hg38_genes_promoters	0.2275368805749876	0.599358934206939	0
chr1	149017486	149018320	-0.027318	13	0.83254	0.85986	PDE4DIP	hg38_genes_promoters	1.5183114792270158e-05	4.103729919028779	0
chr1	153627194	153627355	-0.0901	10	0.1989	0.289	S100A13	hg38_genes_promoters	0.001107671377411	2.5526471193722378	0
chr1	47409189	47409625	-0.03739	10	0.7868	0.82419	LINC01389	hg38_genes_promoters	6.047801754058032e-07	5.244961481894334	-1
chr1	153627194	153627355	-0.0901	10	0.1989	0.289	S100A1	hg38_genes_promoters	0.001107671377411	2.5526471193722378	0
chr1	161215079	161215395	0.03004	10	0.0743	0.04426	FCER1G	hg38_genes_promoters	0.0002728283811539	3.026643346802269	0
chr1	165424850	165425867	-0.016319	10	0.7613	0.77762	RXRG	hg38_genes_promoters	0.098144070270406	0.9237591516931335	0
chr1	165445373	165445933	-0.052652	10	0.5153	0.56795	RXRG	hg38_genes_promoters	0.0892478262949129	0.95638738356598	0
chr1	179085527	179085901	0.019337	12	0.87775	0.85841	TOR3A	hg38_genes_promoters	0.0047483911331145	2.0093336771647814	0
chr1	205802159	205802487	-0.02678	10	0.8552	0.88198	SLC41A1	hg38_genes_promoters	0.0001866651549476	3.151961096484894	0
chr1	206772301	206773250	0.02583	10	0.3266	0.30077	IL10	hg38_genes_promoters	0.1371194075881707	0.7920852512365942	0
chr1	209938140	209938197	0.035884	10	0.0928	0.056916	SYT14	hg38_genes_promoters	1.812798075843971e-07	5.660115417011988	1
chr1	223758148	223758646	-0.024265	14	0.85371	0.87798	CAPN2	hg38_genes_promoters	1.3326244926517258e-08	6.608120480580417	-1
chr1	230921674	230922386	-0.0222	10	0.8758	0.898	TTC13	hg38_genes_promoters	4.398790771740551e-05	3.7296450072599163	0
chr1	231339335	231339599	0.044759	16	0.68931	0.64455	SPRTN	hg38_genes_promoters	2.2407346343629e-06	4.797411192598041	0
chr1	247415144	247415722	-0.0478	10	0.4942	0.542	NLRP3	hg38_genes_promoters	0.0344854192283021	1.3091361139665216	0
chr1	156136727	156137072	-0.019186	10	0.8121	0.83129	LMNA	hg38_genes_promoters	0.0134859008425111	1.645655048528244	0
chr1	47035354	47036150	-0.015	10	0.728	0.743	CYP4X1	hg38_genes_promoters	0.2716728888820863	0.5309306769265477	0
chr1	161040631	161040855	-0.013681	10	0.8217	0.83538	USF1	hg38_genes_promoters	0.020738325668733	1.4940277752243702	0
chr1	46184105	46184396	0.019024	10	0.1005	0.081476	TSPAN1	hg38_genes_promoters	0.0539961398321301	1.1445205853021336	0
chr1	46672628	46673159	-0.022962	10	0.758	0.78096	EFCAB14-AS1	hg38_genes_promoters	0.003814500155571	2.084202503264913	0
chr1	1522837	1522985	0.019443	10	0.8753	0.85586	ATAD3A	hg38_genes_promoters	0.0019642951945576	2.3354122656562186	0
chr1	6519898	6520481	-0.027765	14	0.70836	0.73612	PLEKHG5	hg38_genes_promoters	0.0049243118260073	2.0011120334022015	0
chr1	12478222	12478334	-0.053629	10	0.6078	0.66143	VPS13D	hg38_genes_promoters	0.0042750006598924	2.0447265792648537	0
chr1	13730864	13731205	0.037467	10	0.0798	0.042333	PRDM2	hg38_genes_promoters	0.0004035193604535	2.8878887434352367	0
chr1	15305004	15305479	-0.029252	10	0.5427	0.57195	FHAD1	hg38_genes_promoters	0.1086281057430224	0.8842295158164636	0
chr1	15738537	15738756	-0.059419	10	0.7182	0.77762	SLC25A34	hg38_genes_promoters	8.851507516209341e-09	6.755847805745915	-1
chr1	15756384	15756650	0.028614	10	0.0859	0.057286	FBLIM1	hg38_genes_promoters	0.0005929458781959	2.760716325403254	0
chr1	16228355	16228489	-0.068645	13	0.30923	0.37788	ANO7L1	hg38_genes_promoters	0.002623893993279	2.225926815913213	0
chr1	17000417	17000762	0.026929	10	0.8497	0.82277	ATP13A2	hg38_genes_promoters	0.0212267020907361	1.4851269928640087	0
chr1	21257050	21257887	-0.028233	18	0.81489	0.84312	ECE1	hg38_genes_promoters	1.8055807566027704e-06	4.874151362769192	0
chr1	23868818	23869140	-0.064664	10	0.241	0.30566	FUCA1	hg38_genes_promoters	0.0545748616701634	1.1409283962587933	0
chr1	17755279	17755399	-0.026738	10	0.4765	0.50324	ACTL8	hg38_genes_promoters	0.3574937304761566	0.42753310816710555	0
chr1	43306694	43306992	-0.041624	10	0.8049	0.84652	TIE1	hg38_genes_promoters	3.4285321513703256e-05	3.8140204755832876	0
chr1	25776682	25777596	-0.016179	13	0.83785	0.85403	MAN1C1	hg38_genes_promoters	0.0019873677395299	2.332336256442567	0
chr1	26468921	26469108	-0.010572	10	0.8373	0.84787	DHDDS-AS1	hg38_genes_promoters	0.0963529928153418	0.930806650742273	0
chr1	27882299	27882491	-0.0558	10	0.7942	0.85	THEMIS2	hg38_genes_promoters	1.9740523963047802e-07	5.632446199060962	-1
chr1	29278932	29279625	-0.022238	14	0.83586	0.8581	PTPRU	hg38_genes_promoters	3.625519881939314e-05	3.7932467387938984	0
chr1	33013034	33013928	-0.01885	13	0.83877	0.85762	AK2	hg38_genes_promoters	0.0109972559324437	1.7154819468520968	0
chr1	37732020	37732512	-0.030124	10	0.8104	0.84052	EPHA10	hg38_genes_promoters	0.0001022229794098	3.401494519511677	0
chr1	42152369	42153649	-0.020949	22	0.80995	0.8309	GUCA2B	hg38_genes_promoters	0.0007041815928378	2.6958240782935667	0
chr1	25553886	25554133	-0.031095	10	0.818	0.8491	LDLRAP1	hg38_genes_promoters	8.52972535183252e-06	4.311543703575564	0
chr1	43597798	43598001	-0.03719	21	0.81043	0.84762	PTPRF	hg38_genes_promoters	1.0778579755586852e-10	8.509066623397523	-1
chr1	43735402	43736050	-0.021719	11	0.85845	0.88017	ST3GAL3	hg38_genes_promoters	0.0002559138466752	3.0511091807273045	0
chr1	44808359	44808549	-0.042471	12	0.05375	0.096221	BTBD19	hg38_genes_promoters	2.9806828455982674e-06	4.705670534801319	0
chr10	101131287	101131439	0.015637	10	0.0221	0.0064628	TLX1	hg38_genes_promoters	5.6792843925511345e-14	11.542806085328989	1
chr10	101131287	101131439	0.015637	10	0.0221	0.0064628	TLX1NB	hg38_genes_promoters	5.6792843925511345e-14	11.542806085328989	1
chr10	122838199	122839182	-0.014909	11	0.80782	0.82273	CUZD1	hg38_genes_promoters	0.0951108078759136	0.9345329991253918	0
chr10	133271281	133271523	-0.015427	10	0.8233	0.83873	ADAM8	hg38_genes_promoters	0.1354174639133908	0.7961301987051541	0
chr10	132961980	132962807	0.029239	38	0.041921	0.012682	LINC01167	hg38_genes_promoters	3.8588574598388297e-07	5.393524149769571	1
chr10	97450149	97451122	-0.018615	10	0.8541	0.87272	ZDHHC16	hg38_genes_promoters	0.0307896781517054	1.3459410776521332	0
chr10	129700908	129701301	-0.014481	10	0.8599	0.87438	LOC105378560	hg38_genes_promoters	0.0002562818313939	3.0511091807273045	0
chr10	95273428	95273914	-0.0558	10	0.6567	0.7125	PDLIM1	hg38_genes_promoters	0.0129453769001573	1.6581400702494773	0
chr10	35898964	35899363	-0.040243	14	0.70764	0.74789	LINC02630	hg38_genes_promoters	0.0313205437384699	1.3409294840410162	0
chr10	77985456	77986084	-0.029175	12	0.86483	0.89401	POLR3A	hg38_genes_promoters	2.643028820980042e-07	5.523801197972254	-1
chr10	73773591	73773708	0.027152	10	0.2122	0.18505	FUT11	hg38_genes_promoters	0.0378675435019026	1.2740369795026107	0
chr10	60872551	60872947	-0.020067	10	0.8467	0.86677	RHOBTB1	hg38_genes_promoters	0.001126354525153	2.5484241823881453	0
chr10	48493502	48493769	0.020379	10	0.0641	0.043721	ARHGAP22	hg38_genes_promoters	0.0195862386770186	1.5164241904942926	0
chr10	31707329	31708191	0.022152	15	0.0448	0.022648	MACORIS	hg38_genes_promoters	1.3196006267668056e-05	4.148101728433575	0
chr10	30529470	30529734	0.035624	20	0.0574	0.021776	LOC105376478	hg38_genes_promoters	1.7917212127938842e-19	16.780587831781006	1
chr10	93661301	93661973	-0.024986	10	0.8633	0.88829	PDE6C	hg38_genes_promoters	0.0013112722486251	2.492122585997076	0
chr11	68010266	68010495	-0.014024	10	0.0245	0.038524	ALDH3B1	hg38_genes_promoters	0.1649883459241404	0.7257827095119166	0
chr11	68043358	68043681	0.031347	18	0.82106	0.78971	TCIRG1	hg38_genes_promoters	4.007617020127389e-05	3.7583353477822343	0
chr11	68935976	68936172	-0.013913	12	0.83933	0.85325	IGHMBP2	hg38_genes_promoters	0.0078283753173551	1.8333270889844209	0
chr11	70630769	70631087	-0.029676	10	0.7942	0.82388	SHANK2-AS1	hg38_genes_promoters	0.0021408772410453	2.3071322941031593	0
chr11	75312158	75312863	-0.014312	11	0.78164	0.79595	ARRB1	hg38_genes_promoters	0.0572683557356422	1.1231047538227292	0
chr11	75430239	75430283	0.021286	10	0.047	0.025714	KLHL35	hg38_genes_promoters	1.2016779527618156e-06	4.988832280294662	0
chr11	89047489	89047967	-0.029071	10	0.7915	0.82057	GRM5	hg38_genes_promoters	0.0027850944105761	2.2053187760044666	0
chr11	113908033	113908454	-0.014372	11	0.79455	0.80892	HTR3B	hg38_genes_promoters	0.1086724545937797	0.8842295158164636	0
chr11	104164828	104165214	-0.046338	10	0.7749	0.82124	PDGFD	hg38_genes_promoters	1.914292542063974e-06	4.860189434682245	0
chr11	121553915	121554148	-0.056013	11	0.79009	0.8461	SORL1	hg38_genes_promoters	2.1892025949113645e-08	6.459489106977752	-1
chr11	124924855	124925016	-0.037116	10	0.832	0.86912	HEPACAM	hg38_genes_promoters	1.3484036918532184e-05	4.142920423251757	0
chr11	134026730	134026989	-0.041981	10	0.2624	0.30438	LINC02730	hg38_genes_promoters	0.0758101692421334	1.0155218424456973	0
chr11	134330779	134331041	-0.059029	10	0.3664	0.42543	GLB1L2	hg38_genes_promoters	0.0242437701261643	1.4310134844360345	0
chr11	67452192	67452450	-0.044485	17	0.707	0.75148	CABP4	hg38_genes_promoters	4.023292788098704e-05	3.7583353477822343	0
chr11	92882923	92883047	-0.03501	10	0.8188	0.85381	FAT3	hg38_genes_promoters	1.8836898970617207e-06	4.861511200658711	0
chr11	65641825	65642166	0.060238	10	0.3348	0.27456	SIPA1	hg38_genes_promoters	0.0061454764899602	1.917665533757377	0
chr11	3823959	3824068	-0.025	10	0.824	0.849	PGAP2	hg38_genes_promoters	0.0002317136705812	3.075446790759329	0
chr11	64898663	64898792	0.036549	10	0.8622	0.82565	ATG2A	hg38_genes_promoters	0.0002464570777943	3.057090320422639	0
chr11	64898663	64898792	0.036549	10	0.8622	0.82565	MIR6750	hg38_genes_promoters	0.0002464570777943	3.057090320422639	0
chr11	291336	291553	0.011694	12	0.87058	0.85889	PGGHG	hg38_genes_promoters	0.1803254196117363	0.6933770143477144	0
chr11	1257587	1257679	-0.017652	10	0.8473	0.86495	MUC5B	hg38_genes_promoters	0.0027522050870201	2.20760526420212	0
chr11	1863594	1863756	-0.07369	10	0.2895	0.36319	LSP1	hg38_genes_promoters	0.0562676483326583	1.1286975427786348	0
chr11	1864170	1864306	-0.037672	10	0.43683	0.4745	LSP1	hg38_genes_promoters	0.0355745385442074	1.2989602919188925	0
chr11	1919228	1919519	-0.042358	10	0.7135	0.75586	TNNT3	hg38_genes_promoters	0.0088646930917692	1.7884393893109356	0
chr11	16817067	16817200	0.019615	12	0.85858	0.83897	PLEKHA7	hg38_genes_promoters	0.1110829206036242	0.8765777076884896	0
chr11	417577	417757	-0.028491	10	0.1371	0.16559	SIGIRR	hg38_genes_promoters	0.0361636550198745	1.2929309210272284	0
chr11	36398187	36398498	-0.027922	10	0.8038	0.83172	PRR5L	hg38_genes_promoters	0.0136200375929197	1.645275177406171	0
chr11	44572929	44573129	0.014638	10	0.8324	0.81776	CD82	hg38_genes_promoters	0.1441129765443231	0.7727822702574922	0
chr11	45924064	45924390	-0.056838	10	0.6654	0.72224	LARGE2	hg38_genes_promoters	0.0029964332072493	2.1770424241597275	0
chr11	47257581	47258186	-0.012159	10	0.0356	0.047759	NR1H3	hg38_genes_promoters	0.3868242605482027	0.3973581025557065	0
chr11	64210698	64210774	-0.031295	10	0.7858	0.8171	FERMT3	hg38_genes_promoters	0.0004189311530425	2.8815376261689396	0
chr11	60902459	60903585	-0.034516	22	0.77423	0.80874	PRPF19	hg38_genes_promoters	1.2840807486117075e-05	4.155714853711838	0
chr11	36361870	36362151	-0.067695	10	0.3484	0.4161	PRR5L	hg38_genes_promoters	0.0005092917426937	2.8015934129762137	0
chr12	130045094	130045406	-0.025124	10	0.1124	0.13752	LINC02418	hg38_genes_promoters	0.3792938163144767	0.40508503650789424	0
chr12	106086822	106087056	-0.024219	10	0.8324	0.85662	NUAK1	hg38_genes_promoters	8.981244619917606e-05	3.451589604212042	0
chr12	108339715	108340138	-0.034383	10	0.6198	0.65418	CMKLR1	hg38_genes_promoters	0.0299858567496856	1.3551319051601018	0
chr12	109465057	109465342	-0.028993	13	0.86192	0.89092	KCTD10	hg38_genes_promoters	1.5615965097130024e-08	6.553499881069101	-1
chr12	110344734	110344941	-0.015311	10	0.8486	0.86391	ATP2A2	hg38_genes_promoters	0.0042215259207441	2.048538847952376	0
chr12	111456036	111456187	-0.019299	10	0.8705	0.8898	ATXN2	hg38_genes_promoters	3.3707092114040124e-05	3.817890840444181	0
chr12	123617567	123617809	0.015662	10	0.8389	0.82324	DDX55	hg38_genes_promoters	0.0947293495239779	0.9353206637354663	0
chr12	121673039	121673436	-0.048276	11	0.65055	0.69882	MORN3	hg38_genes_promoters	0.0048466216221739	2.0047618204752196	0
chr12	124536514	124536919	-0.023874	13	0.84454	0.86841	NCOR2	hg38_genes_promoters	5.960530802847351e-05	3.610755848705445	0
chr12	128118234	128118659	-0.035512	12	0.79842	0.83393	LINC02368	hg38_genes_promoters	0.001021653816656	2.572739116043722	0
chr12	128118234	128118659	-0.035512	12	0.79842	0.83393	LINC02369	hg38_genes_promoters	0.001021653816656	2.572739116043722	0
chr12	100356657	100357018	-0.031748	10	0.3703	0.40205	SLC17A8	hg38_genes_promoters	0.1483759427984529	0.7619504780674201	0
chr12	119676604	119676903	-0.039252	10	0.8207	0.85995	PRKAB1	hg38_genes_promoters	0.0005580730708343	2.7761876786322133	0
chr12	57756949	57757117	0.044686	10	0.2139	0.16921	CDK4	hg38_genes_promoters	0.0509771200774281	1.164281771920099	0
chr12	102479158	102479534	-0.088371	10	0.3992	0.48757	IGF1	hg38_genes_promoters	5.086430045954575e-06	4.497833903503757	0
chr12	57478071	57478664	0.054543	10	0.2813	0.22676	ARHGAP9	hg38_genes_promoters	0.0097934108642968	1.7533237584740646	0
chr12	57756949	57757117	0.044686	10	0.2139	0.16921	MARCHF9	hg38_genes_promoters	0.0509771200774281	1.164281771920099	0
chr12	1827356	1827547	-0.040286	10	0.646	0.68629	LRTM2	hg38_genes_promoters	0.0100068518776308	1.7481699345398232	0
chr12	19403681	19404071	-0.029622	10	0.8557	0.88532	AEBP2	hg38_genes_promoters	5.079748202115882e-05	3.6737164725569227	0
chr12	26630597	26630894	-0.036476	10	0.773	0.80948	ITPR2	hg38_genes_promoters	0.0002293885568742	3.076978855643708	0
chr12	48776485	48776578	-0.019486	10	0.8298	0.84929	ADCY6	hg38_genes_promoters	0.0311710059817188	1.3417397950074967	0
chr12	49806071	49806593	-0.018637	13	0.81631	0.83495	NCKAP5L	hg38_genes_promoters	0.0320670561539705	1.3340411441021627	0
chr12	47793179	47793534	-0.03653	10	0.8224	0.85893	HDAC7	hg38_genes_promoters	5.48851942167338e-07	5.279679805100914	-1
chr12	51914348	51914572	0.051929	10	0.8184	0.76647	ACVRL1	hg38_genes_promoters	0.003548062234716	2.110549504536926	0
chr12	52519992	52520194	-0.03349	10	0.8237	0.85719	KRT5	hg38_genes_promoters	6.754127016989875e-08	6.049387083629205	-1
chr12	52601389	52601476	-0.021667	10	0.105	0.12667	KRT73-AS1	hg38_genes_promoters	0.0466930116672016	1.1960495395723565	0
chr12	52601389	52601476	-0.021667	10	0.105	0.12667	KRT72	hg38_genes_promoters	0.0466930116672016	1.1960495395723565	0
chr12	55698690	55698884	0.016365	10	0.7766	0.76023	ITGA7	hg38_genes_promoters	0.267667062146448	0.5365329847796936	0
chr12	57186269	57186820	-0.022156	12	0.84042	0.86257	LRP1	hg38_genes_promoters	0.000547427806041	2.779831253425007	0
chr12	50924354	50925280	-0.010809	12	0.00675	0.017559	METTL7A	hg38_genes_promoters	0.0516326456472096	1.1597829792119594	0
chr13	102879835	102880113	-0.038519	10	0.8061	0.84462	METTL21EP	hg38_genes_promoters	2.768644594890141e-06	4.721924825905831	0
chr13	113547466	113547663	0.018324	10	0.8408	0.82248	TMCO3	hg38_genes_promoters	0.0491156434969637	1.176210486481521	0
chr13	113188196	113188641	-0.022976	10	0.8655	0.88848	PCID2	hg38_genes_promoters	0.0009185917305283	2.604338346498564	0
chr13	112857995	112858185	-0.016995	10	0.8691	0.8861	ATP11A	hg38_genes_promoters	0.0005358585945871	2.786728204148436	0
chr13	111319334	111319704	-0.027584	11	0.80345	0.83104	TEX29	hg38_genes_promoters	0.0063534634148228	1.9131750929835563	0
chr13	102367585	102367932	-0.018829	10	0.8236	0.84243	FGF14-IT1	hg38_genes_promoters	0.0114029764673662	1.7049622307834051	0
chr13	27988450	27988749	-0.026605	10	0.8063	0.8329	URAD	hg38_genes_promoters	0.019543670994594	1.5164241904942926	0
chr13	50715462	50715681	0.050686	10	0.2164	0.16571	LOC107984567	hg38_genes_promoters	0.0009424538982399	2.59741724720146	0
chr13	50715462	50715681	0.050686	10	0.2164	0.16571	DLEU7	hg38_genes_promoters	0.0009424538982399	2.59741724720146	0
chr13	45387015	45387223	0.010858	10	0.0914	0.080542	TPT1-AS1	hg38_genes_promoters	0.3346755024877885	0.45453876479418553	0
chr13	23354948	23355489	-0.022224	10	0.7863	0.80852	SACS	hg38_genes_promoters	0.0328638429163554	1.3266996358287069	0
chr13	19586747	19587145	0.117903	16	0.23362	0.11572	LINC00350	hg38_genes_promoters	1.3510089220108042e-16	14.028138786773761	1
chr13	100533922	100534283	-0.050072	10	0.7789	0.82897	GGACT	hg38_genes_promoters	1.0700800108590062e-06	5.025631314836867	-1
chr14	95210851	95211007	-0.05949	10	0.8123	0.87179	CLMN	hg38_genes_promoters	3.138578970577247e-08	6.315276457127387	-1
chr14	105247365	105247782	-0.052381	11	0.73545	0.78784	BTBD6	hg38_genes_promoters	1.0592525105926726e-05	4.235028888640466	0
chr14	105247365	105247782	-0.052381	11	0.73545	0.78784	BRF1	hg38_genes_promoters	1.0592525105926726e-05	4.235028888640466	0
chr14	104085120	104085301	-0.060133	10	0.4292	0.48933	ASPG	hg38_genes_promoters	0.0102342972020252	1.7411933297762017	0
chr14	102544803	102544862	0.028589	10	0.057	0.028411	LINC02323	hg38_genes_promoters	3.567085536055088e-07	5.419396836990607	1
chr14	100882948	100883129	-0.038233	10	0.8461	0.88433	MIR127	hg38_genes_promoters	4.188411908416169e-11	8.864106552556462	-1
chr14	100570727	100570925	-0.018204	10	0.7683	0.7865	BEGAIN	hg38_genes_promoters	0.0567574856093353	1.125965965007515	0
chr14	94581253	94581482	-0.032286	10	0.092	0.12429	SERPINA5	hg38_genes_promoters	0.006163507356088	1.917665533757377	0
chr14	22921995	22923265	-0.056068	10	0.7466	0.80267	PRMT5	hg38_genes_promoters	2.1209031435009072e-05	3.9936441703097754	0
chr14	80211264	80211383	0.047195	10	0.5611	0.5139	DIO2-AS1	hg38_genes_promoters	0.0525363790208608	1.1553829353662253	0
chr14	80211264	80211383	0.047195	10	0.5611	0.5139	DIO2	hg38_genes_promoters	0.0525363790208608	1.1553829353662253	0
chr14	73729743	73729942	0.010777	13	0.88169	0.87092	MIDEAS	hg38_genes_promoters	0.1765175809188937	0.7008841526074321	0
chr14	69657906	69658393	-0.025871	10	0.8135	0.83937	SUSD6	hg38_genes_promoters	0.0628771340274645	1.0896715709483733	0
chr14	63204798	63205085	0.041754	12	0.406	0.36425	RHOJ	hg38_genes_promoters	0.1157979537632866	0.8594590846173541	0
chr14	61995003	61996213	-0.021095	10	0.677	0.6981	SYT16	hg38_genes_promoters	0.2410883810547277	0.578538695594339	0
chr14	90617995	90618533	-0.01272	10	0.8726	0.88532	TTC7B	hg38_genes_promoters	0.0921910180999307	0.9442309195735735	0
chr14	21099132	21099621	-0.034046	10	0.4568	0.49085	ZNF219	hg38_genes_promoters	0.2813457679700223	0.5199571731312984	0
chr15	75049395	75049661	-0.019273	10	0.4582	0.47747	PPCDC	hg38_genes_promoters	0.3922713803131208	0.3920946789375067	0
chr15	77787028	77787336	0.023067	10	0.7904	0.76733	LINGO1	hg38_genes_promoters	0.0960699327503727	0.9311309268418531	0
chr15	78979013	78979151	0.050464	10	0.8648	0.81434	RASGRF1	hg38_genes_promoters	8.216126147317979e-05	3.4840547184964903	0
chr15	80059548	80059594	-0.012576	10	0.0039	0.016476	ZFAND6	hg38_genes_promoters	4.8916603083147055e-06	4.500749177431763	0
chr15	99976904	99977321	-0.025372	10	0.6794	0.70477	ADAMTS17	hg38_genes_promoters	0.3661656789547332	0.4187565908511103	0
chr15	89116193	89116484	-0.05187	11	0.74073	0.7926	ABHD2	hg38_genes_promoters	0.004847458508327	2.0047618204752196	0
chr15	89625381	89625559	0.013976	10	0.8861	0.87212	TICRR	hg38_genes_promoters	0.1231533203200638	0.8336468082793886	0
chr15	69278420	69278688	-0.031416	10	0.8253	0.85672	PAQR5	hg38_genes_promoters	0.0006876762511409	2.701624219314397	0
chr15	86079823	86079948	0.011448	10	0.8604	0.84895	AGBL1	hg38_genes_promoters	0.2366611491201238	0.5848714260724179	0
chr15	65643385	65643887	-0.016048	11	0.83936	0.85541	SLC24A1	hg38_genes_promoters	0.0096831627560188	1.7568281607545977	0
chr15	81296555	81296932	0.034481	10	0.0481	0.013619	IL16	hg38_genes_promoters	9.80773716485956e-05	3.416426542481293	0
chr15	52243404	52243817	-0.031875	10	0.6507	0.68258	MYO5C	hg38_genes_promoters	0.0672909537011263	1.0632340801778146	0
chr15	57706795	57706915	-0.017265	16	0.013687	0.030952	POLR2M	hg38_genes_promoters	1.9683380645792208e-11	9.165727308399138	-1
chr15	35237263	35237341	0.010143	10	0.879	0.86886	ANP32AP1	hg38_genes_promoters	0.4097116519120762	0.3740109773844172	0
chr15	39587350	39587545	-0.022558	13	0.84438	0.86694	THBS1	hg38_genes_promoters	4.28213607262559e-05	3.734636263505522	0
chr15	40809671	40810255	-0.056817	13	0.76531	0.82212	ZFYVE19	hg38_genes_promoters	1.972650350724898e-08	6.479170842718246	-1
chr15	26666400	26666723	-0.015225	10	0.6241	0.63933	GABRB3	hg38_genes_promoters	0.280026221077211	0.5199571731312984	0
chr15	42162077	42162886	-0.01817	12	0.79408	0.81225	VPS39	hg38_genes_promoters	0.0010079594696798	2.5744832422480664	0
chr15	43220764	43221665	-0.02511	10	0.6927	0.71781	EPB42	hg38_genes_promoters	0.0882579514447716	0.9592880327701186	0
chr15	43420326	43420764	-0.030224	14	0.871	0.90122	TP53BP1	hg38_genes_promoters	2.1287154034776702e-09	7.325529422805755	-1
chr15	52140460	52141236	-0.014646	13	0.81446	0.82911	GNB5	hg38_genes_promoters	0.0419511576403926	1.2382681133507893	0
chr16	81096967	81097428	-0.028606	10	0.8121	0.84071	CENPN-AS1	hg38_genes_promoters	0.0063595995018162	1.9131750929835563	0
chr16	67881916	67882070	0.02071	10	0.8439	0.82319	EDC4	hg38_genes_promoters	0.0947067598058886	0.9353206637354663	0
chr16	68372224	68372369	0.027181	10	0.8638	0.83662	SMPD3	hg38_genes_promoters	0.0008015362335121	2.6462500835868243	0
chr16	68770516	68771032	-0.051103	10	0.6738	0.7249	CDH1	hg38_genes_promoters	0.009018221948646	1.7848859366434373	0
chr16	75116557	75116982	-0.102048	10	0.439	0.54105	LDHD	hg38_genes_promoters	5.177005795803763e-05	3.668733164055102	0
chr16	81096967	81097428	-0.028606	10	0.8121	0.84071	GCSH	hg38_genes_promoters	0.0063595995018162	1.9131750929835563	0
chr16	81096967	81097428	-0.028606	10	0.8121	0.84071	C16orf46	hg38_genes_promoters	0.0063595995018162	1.9131750929835563	0
chr16	67203113	67203281	-0.035063	10	0.6919	0.72696	MIR328	hg38_genes_promoters	0.0163406351657097	1.5840173271341433	0
chr16	81238331	81238895	-0.022338	10	0.1669	0.18924	BCO1	hg38_genes_promoters	0.7318884392858315	0.13398726096921856	0
chr16	84656826	84656931	0.023019	10	0.8534	0.83038	KLHL36	hg38_genes_promoters	0.1721362818064492	0.7109160911559507	0
chr16	81644891	81645100	-0.04119	10	0.834	0.87519	CMIP	hg38_genes_promoters	4.074136357891012e-08	6.218180959610104	-1
chr16	84091595	84091821	0.010181	10	0.8538	0.84362	MBTPS1	hg38_genes_promoters	0.6285139164490647	0.19696446312385568	0
chr16	84175429	84176003	-0.02623	10	0.1925	0.21873	DNAAF1	hg38_genes_promoters	0.3701304677778534	0.4148934378159606	0
chr16	84849164	84849313	0.035829	10	0.6785	0.64267	CRISPLD2	hg38_genes_promoters	0.1084493227587593	0.8842295158164636	0
chr16	85689543	85689847	-0.062166	10	0.7035	0.76567	GINS2	hg38_genes_promoters	7.637898427876854e-05	3.5062720466103348	0
chr16	86734510	86734615	-0.058041	10	0.2833	0.34134	LINC02188	hg38_genes_promoters	0.0034695940078953	2.1185488789528595	0
chr16	89895554	89895747	-0.017048	12	0.85867	0.87571	TCF25	hg38_genes_promoters	0.0014332793613873	2.462798194478918	0
chr16	56960615	56960940	-0.029019	10	0.7885	0.81752	CETP	hg38_genes_promoters	4.941744649946149e-05	3.682400647321531	0
chr16	81495123	81495468	0.031567	12	0.11942	0.087849	CMIP	hg38_genes_promoters	5.135984220370556e-07	5.298581450661592	1
chr16	56607499	56608112	-0.088507	12	0.548	0.63651	MT2A	hg38_genes_promoters	3.655001019051668e-06	4.6222384402119765	0
chr16	30769105	30769406	0.011867	10	0.8546	0.84273	RNF40	hg38_genes_promoters	0.4365862758609061	0.34883420249249064	0
chr16	31095423	31095574	-0.040319	10	0.5723	0.61262	PRSS53	hg38_genes_promoters	0.0009133282753922	2.604710281284986	0
chr16	50681223	50681451	0.067571	10	0.084	0.016429	SNX20	hg38_genes_promoters	2.652823084413013e-20	17.530968733170376	1
chr16	551940	552063	0.012929	10	0.8735	0.86057	CAPN15	hg38_genes_promoters	0.0155163068847215	1.6014770988699512	0
chr16	791900	792011	-0.020919	10	0.8407	0.86162	CHTF18	hg38_genes_promoters	0.000749000932017	2.67125927012704	0
chr16	1435245	1435427	-0.034362	10	0.8544	0.88876	CCDC154	hg38_genes_promoters	7.658905537698778e-07	5.149691554142481	-1
chr16	2817862	2817966	-0.015414	10	0.7553	0.77071	PRSS21	hg38_genes_promoters	0.2772322299903933	0.5229806636492605	0
chr16	2954217	2954476	-0.026808	11	0.77245	0.79926	LOC105371055	hg38_genes_promoters	0.0056718729474015	1.9491385543344562	0
chr16	4937763	4937926	-0.029586	10	0.6717	0.70129	PPL	hg38_genes_promoters	0.1033008812241806	0.9024684685293695	0
chr16	11276282	11276639	0.024842	14	0.85936	0.83451	PRM2	hg38_genes_promoters	0.000801160310306	2.6462500835868243	0
chr16	14247236	14247630	-0.023927	10	0.8508	0.87473	MRTFB	hg38_genes_promoters	0.000522288464182	2.7930690883271105	0
chr16	4795283	4795721	0.033523	10	0.7283	0.69478	SMIM22	hg38_genes_promoters	0.0628117303626717	1.0896715709483733	0
chr16	24776701	24777190	-0.059467	10	0.7852	0.84467	TNRC6A	hg38_genes_promoters	1.698707929832679e-06	4.882920799163489	0
chr16	19169438	19169713	-0.046386	10	0.4169	0.46329	SYT17	hg38_genes_promoters	0.1522688974779389	0.7516141927334016	0
chr16	31088657	31089407	-0.023557	10	0.8283	0.85186	PRSS53	hg38_genes_promoters	0.0027592986339367	2.20760526420212	0
chr16	30184937	30185371	0.123064	10	0.5684	0.44534	CORO1A-AS1	hg38_genes_promoters	6.635401660533811e-08	6.049387083629205	1
chr16	31095423	31095574	-0.040319	10	0.5723	0.61262	VKORC1	hg38_genes_promoters	0.0009133282753922	2.604710281284986	0
chr16	29807519	29807597	0.033112	13	0.041	0.0078877	MAZ	hg38_genes_promoters	6.3350217240025346e-18	15.299056948390628	1
chr16	28610715	28611301	-0.055498	10	0.5806	0.6361	SULT1A1	hg38_genes_promoters	0.0350130031170103	1.303654411831171	0
chr16	30184937	30185371	0.123064	10	0.5684	0.44534	CORO1A	hg38_genes_promoters	6.635401660533811e-08	6.049387083629205	1
chr17	50167162	50167517	0.028838	13	0.83562	0.80678	SGCA	hg38_genes_promoters	0.0012150015825805	2.519435036307589	0
chr17	76027305	76027810	-0.078343	19	0.35111	0.42945	EVPL	hg38_genes_promoters	1.6107373866001465e-05	4.082106033215921	0
chr17	50385118	50385276	0.018811	10	0.8772	0.85839	LRRC59	hg38_genes_promoters	0.2043665175648363	0.6433978179458207	0
chr17	63856669	63857163	-0.048278	10	0.7489	0.79718	TCAM1P	hg38_genes_promoters	0.0005812263529214	2.7655195690682124	0
chr17	66877232	66877422	-0.031348	10	0.8147	0.84605	CACNG5	hg38_genes_promoters	0.0002290119387747	3.076978855643708	0
chr17	74215501	74215861	-0.043083	10	0.6911	0.73418	TTYH2	hg38_genes_promoters	0.0393137611704359	1.2588576077889924	0
chr17	74599394	74599565	-0.028474	10	0.1663	0.19477	LOC101928343	hg38_genes_promoters	0.1635309609971136	0.7278487665734974	0
chr17	75287395	75287696	-0.027471	10	0.8401	0.86757	SLC25A19	hg38_genes_promoters	2.2706435827345488e-05	3.975105008823131	0
chr17	76543754	76544031	-0.046395	10	0.5957	0.6421	PRCD	hg38_genes_promoters	0.0047363975765723	2.0093336771647814	0
chr17	82407362	82407568	0.049572	10	0.2771	0.22753	OGFOD3	hg38_genes_promoters	0.0096386326391026	1.7574130152042216	0
chr17	80087643	80087784	-0.044957	10	0.8099	0.85486	CCDC40	hg38_genes_promoters	2.8524019423437404e-06	4.71431014575221	0
chr17	81052988	81053263	-0.053557	10	0.8093	0.86286	BAIAP2	hg38_genes_promoters	4.171995381371172e-10	7.977785878732698	-1
chr17	81165474	81165716	-0.036281	10	0.5611	0.59738	PVALEF	hg38_genes_promoters	0.1848723912515886	0.6843166346818874	0
chr17	81309039	81309262	-0.029086	10	0.2172	0.24629	LINC00482	hg38_genes_promoters	0.4131205654870977	0.3712189670069818	0
chr17	82152639	82152971	-0.055313	14	0.79557	0.85088	CCDC57	hg38_genes_promoters	3.209493596487936e-07	5.456840679449037	-1
chr17	82267262	82267581	-0.071871	10	0.6017	0.67357	CSNK1D	hg38_genes_promoters	8.762137013744974e-05	3.459225012587161	0
chr17	82735035	82735125	-0.0179	10	0.4691	0.487	FN3K	hg38_genes_promoters	0.4778771943546703	0.31119054120641737	0
chr17	48634541	48634707	0.01274	10	0.4422	0.42946	HOXB7	hg38_genes_promoters	0.7622800133842482	0.11788546707337061	0
chr17	79919246	79919460	-0.035649	10	0.7851	0.82075	LINC01978	hg38_genes_promoters	0.000593942349251	2.760716325403254	0
chr17	48556230	48557547	-0.039376	12	0.62183	0.66121	HOXB3	hg38_genes_promoters	0.0591016599690984	1.111473194529657	0
chr17	3813077	3813317	-0.017321	10	0.834	0.85132	NCBP3	hg38_genes_promoters	0.0131472696698527	1.6540080309521825	0
chr17	42980995	42981097	0.010528	12	0.023583	0.013056	PTGES3L	hg38_genes_promoters	1.4127038894860962e-06	4.956914224723655	0
chr17	3386733	3386870	-0.059933	10	0.2464	0.30633	OR3A2	hg38_genes_promoters	0.0013429927630057	2.4874688268278398	0
chr17	4892011	4892255	0.030071	10	0.8475	0.81743	MINK1	hg38_genes_promoters	0.0230237048059556	1.4522403790062164	0
chr17	6556980	6557308	-0.060498	10	0.4117	0.4722	PITPNM3	hg38_genes_promoters	0.030657654005924	1.3466598981356332	0
chr17	7261759	7261821	0.03309	13	0.12323	0.09014	CLDN7	hg38_genes_promoters	0.0001914535922593	3.1439052128094924	0
chr17	7294434	7294477	0.053188	10	0.0834	0.030212	YBX2	hg38_genes_promoters	1.2457463820536596e-06	4.979821317869626	0
chr17	7407237	7407498	-0.068165	10	0.7786	0.84677	NLGN2	hg38_genes_promoters	1.798714965522336e-08	6.505894647142632	-1
chr17	48556230	48557547	-0.039376	12	0.62183	0.66121	HOXB-AS2	hg38_genes_promoters	0.0591016599690984	1.111473194529657	0
chr17	21692441	21692654	-0.039726	10	0.7201	0.75983	KCNJ18	hg38_genes_promoters	0.0133279510145979	1.6494575688906472	0
chr17	7858583	7858697	0.03657	10	0.4237	0.38713	NAA38	hg38_genes_promoters	0.0716096025977753	1.0392250102448009	0
chr17	28581313	28581937	-0.026139	11	0.84109	0.86723	SPAG5	hg38_genes_promoters	0.0002990008295615	2.9922222280288184	0
chr17	30236988	30237076	-0.012571	10	0.0045357	0.017106	SLC6A4	hg38_genes_promoters	0.0005312565810193	2.7880812687678302	0
chr17	32349147	32349308	-0.052771	10	0.7606	0.81337	ZNF207	hg38_genes_promoters	0.0004180093726917	2.8815376261689396	0
chr17	32349147	32349308	-0.052771	10	0.7606	0.81337	MIR632	hg38_genes_promoters	0.0004180093726917	2.8815376261689396	0
chr17	39742048	39742460	-0.014194	10	0.8311	0.84529	GRB7	hg38_genes_promoters	0.0615048995181368	1.0962069026609467	0
chr17	42317160	42317880	-0.049659	10	0.6885	0.73816	STAT3	hg38_genes_promoters	0.0108807949864333	1.7187334720004768	0
chr17	42535557	42535867	-0.032356	10	0.402	0.43436	NAGLU	hg38_genes_promoters	0.1860468918040959	0.6824409867414427	0
chr17	42980995	42981097	0.010528	12	0.023583	0.013056	PTGES3L-AARSD1	hg38_genes_promoters	1.4127038894860962e-06	4.956914224723655	0
chr17	28373610	28374004	-0.0628	10	0.5294	0.5922	VTN	hg38_genes_promoters	0.0039294225046911	2.072997994718297	0
chr18	79526013	79526120	-0.038938	10	0.8213	0.86024	NFATC1	hg38_genes_promoters	0.000368706340502	2.919475332189068	0
chr18	75244448	75244728	-0.03168	10	0.827	0.85868	TSHZ1	hg38_genes_promoters	8.011945215177722e-06	4.334240278944299	0
chr18	69895703	69895824	-0.014934	10	0.8369	0.85183	CD226	hg38_genes_promoters	0.0005661953765935	2.772253642389237	0
chr18	50285749	50285979	0.015133	12	0.86983	0.8547	CXXC1	hg38_genes_promoters	0.04775695971526	1.1873305088499493	0
chr18	69469642	69469762	-0.046429	10	0.785	0.83143	LOC105372179	hg38_genes_promoters	2.597328354545548e-09	7.272543924378536	-1
chr18	32471771	32472102	-0.012527	10	0.3551	0.36763	GAREM1	hg38_genes_promoters	0.5670033587529948	0.23931402805498994	0
chr18	31760798	31760966	0.020971	21	0.76324	0.74227	SLC25A52	hg38_genes_promoters	0.0160958393929565	1.5880694857374043	0
chr18	24113037	24113635	-0.040661	13	0.76715	0.80782	TTC39C	hg38_genes_promoters	0.0002512168321306	3.052289832722089	0
chr18	13452631	13453126	-0.011468	10	0.8178	0.82927	LDLRAD4	hg38_genes_promoters	0.1482890675670118	0.7619504780674201	0
chr18	36169829	36170195	-0.023895	10	0.8432	0.8671	ELP2	hg38_genes_promoters	0.0078968460621425	1.8310097940563217	0
chr19	40580247	40580449	0.055181	10	0.2026	0.14742	SHKBP1	hg38_genes_promoters	0.0025704335101512	2.2330904688382898	0
chr19	40691162	40691291	0.039989	10	0.050196	0.010207	NUMBL	hg38_genes_promoters	4.69097556221314e-14	11.542806085328989	1
chr19	40806702	40806917	0.017325	10	0.2843	0.26697	EGLN2	hg38_genes_promoters	0.3133310453351661	0.47903487626380115	0
chr19	44812120	44812197	0.035167	10	0.8685	0.83333	BCAM	hg38_genes_promoters	0.0002258855929559	3.0779097435486418	0
chr19	45032520	45032664	-0.02892	10	0.8098	0.83872	RELB	hg38_genes_promoters	0.0014339063971567	2.462798194478918	0
chr19	45362251	45362499	-0.010982	11	0.81355	0.82453	ERCC2	hg38_genes_promoters	0.1964965578676337	0.6595814126211991	0
chr19	47755740	47755963	0.028508	10	0.8652	0.83669	SNORD23	hg38_genes_promoters	0.0010656440086513	2.5625486204665235	0
chr19	47755740	47755963	0.028508	10	0.8652	0.83669	NOP53	hg38_genes_promoters	0.0010656440086513	2.5625486204665235	0
chr19	48472368	48472749	-0.041312	10	0.8288	0.87011	CYTH2	hg38_genes_promoters	1.3411811778323602e-06	4.956914224723655	0
chr19	48640059	48640225	-0.017852	10	0.7601	0.77795	CA11	hg38_genes_promoters	0.0888676759055687	0.9572707174935742	0
chr19	49862102	49862268	0.025408	10	0.8509	0.82549	PNKP	hg38_genes_promoters	0.0107062632343999	1.7229987477934765	0
chr19	49888103	49888239	0.037554	10	0.8048	0.76725	MIR4750	hg38_genes_promoters	0.0036144875573944	2.1059002481301867	0
chr19	50722590	50723200	-0.022	16	0.41613	0.43813	CLEC11A	hg38_genes_promoters	0.321857365223113	0.4682028685266747	0
chr19	51017548	51017614	-0.030652	10	0.0413	0.071952	KLK10	hg38_genes_promoters	0.0008072238109453	2.6453782431943966	0
chr19	51630432	51630584	0.020904	10	0.0399	0.018996	SIGLEC5	hg38_genes_promoters	0.0003993294328761	2.8899041424094882	0
chr19	51646891	51647381	0.021152	10	0.2396	0.21845	SIGLEC14	hg38_genes_promoters	0.0137528590831558	1.643653301194558	0
chr19	51646891	51647381	0.021152	10	0.2396	0.21845	SIGLEC5	hg38_genes_promoters	0.0137528590831558	1.643653301194558	0
chr19	55624576	55625205	0.027501	33	0.072024	0.044523	ZNF784	hg38_genes_promoters	0.0123146521103492	1.6771682303525934	0
chr19	58556080	58556217	-0.024024	10	0.7585	0.78252	CHMP2A	hg38_genes_promoters	0.0831096098709932	0.981478042554874	0
chr19	38841905	38842013	0.034338	10	0.8541	0.81976	HNRNPL	hg38_genes_promoters	0.0069732400376635	1.879140022185922	0
chr19	49014549	49014685	-0.015075	10	0.8519	0.86698	RUVBL2	hg38_genes_promoters	0.0254167134500485	1.4146365565669896	0
chr19	35496015	35496327	-0.0861	10	0.5319	0.618	KRTDAP	hg38_genes_promoters	7.036745814215728e-06	4.376818101980569	0
chr19	1238238	1238399	0.019391	10	0.12029	0.1009	CBARP	hg38_genes_promoters	0.0100941408017859	1.7457922525416725	0
chr19	19456387	19457117	-0.022643	10	0.7965	0.81914	GATAD2A	hg38_genes_promoters	0.0140728306621387	1.6362422553064768	0
chr19	815230	815315	0.035848	10	0.6028	0.56695	PLPPR3	hg38_genes_promoters	0.0148900801357118	1.6155643608171895	0
chr19	1063545	1063638	0.022557	10	0.8217	0.79914	ABCA7	hg38_genes_promoters	0.0272487529735426	1.3909033249759748	0
chr19	1071323	1071398	-0.087813	12	0.70675	0.79456	ARHGAP45	hg38_genes_promoters	2.383906534469856e-09	7.293391140776467	-1
chr19	1524490	1524600	-0.071435	10	0.2619	0.33333	PLK5	hg38_genes_promoters	0.0050346317103116	1.9930720038476228	0
chr19	2085286	2085541	0.025831	10	0.040005	0.014174	MOB3A	hg38_genes_promoters	7.744492447978824e-05	3.503434623431727	0
chr19	3113075	3113165	-0.0359	10	0.8191	0.855	GNA11	hg38_genes_promoters	2.327347798114497e-07	5.570086965287115	-1
chr19	3494549	3494707	0.016529	10	0.8701	0.85357	DOHH	hg38_genes_promoters	0.0401754965991872	1.2527186588908854	0
chr19	3531940	3532038	0.010968	12	0.842	0.83103	FZR1	hg38_genes_promoters	0.7150723873759055	0.1432960865863617	0
chr19	6746209	6746497	0.028586	10	0.7863	0.75771	TRIP10	hg38_genes_promoters	0.0039589663750684	2.0714249678106302	0
chr19	35309646	35309875	-0.155028	12	0.57275	0.72778	MAG	hg38_genes_promoters	6.481624554786575e-11	8.699295650870178	-1
chr19	7931725	7931898	0.023005	10	0.8558	0.83279	TIMM44	hg38_genes_promoters	0.0403762286388354	1.2516412571893996	0
chr19	15934190	15934422	-0.052785	11	0.57418	0.62697	CYP4F11	hg38_genes_promoters	0.0222787672867452	1.4653230616966924	0
chr19	14060090	14060482	-0.051886	10	0.5964	0.64829	PALM3	hg38_genes_promoters	0.029098955732144	1.3658608807705124	0
chr19	7006063	7006379	-0.03269	10	0.8315	0.86419	FLJ25758	hg38_genes_promoters	1.90878575697196e-05	4.0318546825054895	0
chr19	13954239	13954472	0.01683	10	0.8234	0.80657	PODNL1	hg38_genes_promoters	0.177084933830003	0.700372322637133	0
chr19	18941107	18941169	-0.02099	12	0.016128	0.037118	HOMER3	hg38_genes_promoters	0.014633628796443	1.6218338996019461	0
chr19	10636526	10636640	0.022157	10	0.8523	0.83014	SLC44A2	hg38_genes_promoters	0.0414924741657845	1.2419637376994497	0
chr19	10352728	10352859	-0.045557	10	0.7915	0.83706	TYK2	hg38_genes_promoters	0.1040781404045214	0.9001601784620333	0
chr19	8363191	8363378	0.016619	10	0.343	0.32638	ANGPTL4	hg38_genes_promoters	0.4312605995502593	0.3533609943705736	0
chr19	12658098	12658255	0.027822	10	0.8541	0.82628	MAN2B1	hg38_genes_promoters	0.0204326492339014	1.499265363962994	0
chr2	219216119	219216406	0.019675	12	0.86317	0.84349	ABCB6	hg38_genes_promoters	0.0816654812142669	0.988107080853424	0
chr2	181985331	181986146	-0.013126	11	0.84709	0.86022	PPP1R1C	hg38_genes_promoters	0.0069049995188112	1.8819262156757766	0
chr2	191262287	191263156	-0.033576	10	0.8239	0.85748	MYO1B	hg38_genes_promoters	7.197750687450633e-06	4.371638070802479	0
chr2	200761911	200762260	-0.01279	10	0.7694	0.78219	AOX3P-AOX2P	hg38_genes_promoters	0.0139167934112228	1.63979773737608	0
chr2	206203511	206203743	-0.015042	16	0.83912	0.85417	GPR1-AS	hg38_genes_promoters	0.0024613267445268	2.2490499983138625	0
chr2	209695807	209696322	-0.026776	10	0.7747	0.80148	MAP2	hg38_genes_promoters	0.0056122612553277	1.9521733405625465	0
chr2	218402617	218402920	-0.053981	10	0.7377	0.79168	MIR26B	hg38_genes_promoters	0.0005742285049587	2.7684638761467486	0
chr2	218692159	218692714	-0.019105	10	0.8568	0.8759	STK36	hg38_genes_promoters	0.0009759590614108	2.585610827471096	0
chr2	219729122	219729594	-0.053788	11	0.53682	0.59061	LINC02832	hg38_genes_promoters	0.0040556510385647	2.0626197850281818	0
chr2	240565399	240565796	0.068649	15	0.089867	0.021218	RNPEPL1	hg38_genes_promoters	1.439120005821717e-23	20.69966999766472	1
chr2	233169156	233169645	-0.023421	10	0.8135	0.83692	INPP5D	hg38_genes_promoters	0.0067286703717998	1.8916707525219425	0
chr2	234978419	234979015	-0.021964	25	0.43036	0.45232	SH3BP4	hg38_genes_promoters	0.1542159292933001	0.7488190190147509	0
chr2	238278358	238279109	-0.031269	13	0.83369	0.86496	PER2	hg38_genes_promoters	1.984437642651169e-05	4.018767400688681	0
chr2	176116554	176116628	-0.013921	12	0.10933	0.12325	HOXD10	hg38_genes_promoters	0.0934857596198672	0.9391380975033196	0
chr2	241141373	241141670	-0.019615	12	0.86808	0.8877	PASK	hg38_genes_promoters	0.0001203490954856	3.3366321885402104	0
chr2	241242536	241242863	-0.0355	10	0.7515	0.787	HDLBP	hg38_genes_promoters	0.0254528562391313	1.4146365565669896	0
chr2	241251477	241251638	-0.023824	10	0.8597	0.88352	HDLBP	hg38_genes_promoters	0.0008512931240899	2.6309792607218667	0
chr2	241302827	241303638	-0.04241	13	0.73246	0.77487	HDLBP	hg38_genes_promoters	0.0001759064156862	3.17477819325943	0
chr2	241372422	241372796	-0.044133	10	0.8132	0.85733	FARP2	hg38_genes_promoters	1.3960781577671037e-07	5.764009798227408	-1
chr2	231461459	231462014	-0.029691	10	0.7576	0.78729	NCL	hg38_genes_promoters	0.0118927771917353	1.6882796060142702	0
chr2	168802318	168802704	-0.034869	10	0.5457	0.58057	NOSTRIN	hg38_genes_promoters	0.0506823935498322	1.1646917218683936	0
chr2	241372422	241372796	-0.044133	10	0.8132	0.85733	LOC105373973	hg38_genes_promoters	1.3960781577671037e-07	5.764009798227408	-1
chr2	124024652	124024751	-0.011417	12	0.02775	0.039167	CNTNAP5	hg38_genes_promoters	0.1538320390460199	0.7489957336314357	0
chr2	3656939	3657274	-0.051311	19	0.60668	0.65799	ALLC	hg38_genes_promoters	0.0005513650192268	2.7790856305993	0
chr2	130183722	130183971	-0.014965	10	0.837	0.85197	SMPD4	hg38_genes_promoters	0.0162882641469867	1.5841616879952913	0
chr2	9409115	9409261	-0.035748	10	0.7293	0.76505	ITGB1BP1	hg38_genes_promoters	5.4186802694871e-06	4.476056000197046	0
chr2	16013177	16013464	-0.048433	23	0.21165	0.26009	GACAT3	hg38_genes_promoters	0.0010495564016373	2.5643226720210257	0
chr2	18586971	18587516	-0.023508	11	0.80673	0.83024	NT5C1B	hg38_genes_promoters	0.0024675348332894	2.2490499983138625	0
chr2	24009290	24009534	-0.028813	10	0.8066	0.83541	MFSD2B	hg38_genes_promoters	0.0010937451129553	2.5532506251949467	0
chr2	64485865	64486376	-0.029352	10	0.6546	0.68395	LINC01805	hg38_genes_promoters	0.0691216476026325	1.052580831673573	0
chr2	70989963	70990538	-0.030029	10	0.7854	0.81543	TEX261	hg38_genes_promoters	0.0019607374328857	2.3354122656562186	0
chr2	79086863	79087619	-0.030737	10	0.5814	0.61214	REG1B	hg38_genes_promoters	0.2806924009608216	0.5199571731312984	0
chr2	85355468	85356648	-0.017644	10	0.8147	0.83234	ELMOD3	hg38_genes_promoters	0.0114090588024997	1.7049622307834051	0
chr2	62461651	62462934	-0.039813	13	0.824	0.86381	LOC105374764	hg38_genes_promoters	3.945911937595668e-07	5.391953387989651	-1
chr2	85599917	85600315	0.042356	10	0.5912	0.54884	TMEM150A	hg38_genes_promoters	0.1550326662735123	0.7483308389613175	0
chr2	85355468	85356648	-0.017644	10	0.8147	0.83234	RETSAT	hg38_genes_promoters	0.0114090588024997	1.7049622307834051	0
chr2	117835509	117836073	-0.026519	10	0.5141	0.54062	LOC107985939	hg38_genes_promoters	0.2340548782683258	0.5881855564900753	0
chr2	112729363	112729590	0.019366	10	0.1209	0.10153	NT5DC4	hg38_genes_promoters	0.041018063839297	1.2458762328253383	0
chr2	106486723	106486825	-0.045376	10	0.2081	0.25348	CD8B2	hg38_genes_promoters	0.0174204675089483	1.5624219163792632	0
chr2	121902428	121902629	-0.073666	10	0.6904	0.76407	LOC105373595	hg38_genes_promoters	1.1256593545525287e-06	5.01048000604804	-1
chr2	98606391	98606853	-0.019206	10	0.8404	0.85961	COA5	hg38_genes_promoters	0.0152977286174284	1.6063741846741753	0
chr2	96285246	96285917	-0.02729	10	0.8499	0.87719	SNRNP200	hg38_genes_promoters	0.0001151390692042	3.3528467947194796	0
chr2	88172620	88173084	-0.035381	10	0.7708	0.80618	THNSL2	hg38_genes_promoters	3.9286885557027423e-05	3.761829960238526	0
chr2	105610527	105610786	-0.037314	10	0.8214	0.85871	LOC285000	hg38_genes_promoters	2.3023747234278457e-06	4.791158099441838	0
chr20	44930523	44930655	0.012057	10	0.8682	0.85614	PABPC1L	hg38_genes_promoters	0.2996686219114647	0.49506908985253995	0
chr20	63861496	63861640	0.049167	17	0.87829	0.82913	ABHD16B	hg38_genes_promoters	8.373134308188153e-14	11.412000205415787	1
chr20	63572682	63572795	0.02461	10	0.8548	0.83019	HELZ2	hg38_genes_promoters	0.0268923556003546	1.3942798956035372	0
chr20	63546981	63547122	-0.044738	10	0.6565	0.70124	FNDC11	hg38_genes_promoters	0.0047429729524038	2.0093336771647814	0
chr20	58889301	58889475	0.095945	25	0.51164	0.4157	LOC101927932	hg38_genes_promoters	2.476365824664482e-39	36.16292221068374	1
chr20	58889301	58889475	0.095945	25	0.51164	0.4157	GNAS	hg38_genes_promoters	2.476365824664482e-39	36.16292221068374	1
chr20	46029156	46029232	-0.032975	12	0.11808	0.15106	SLC12A5	hg38_genes_promoters	0.0398983959229835	1.2535420879988168	0
chr20	45887234	45887813	-0.028123	11	0.84136	0.86949	SPATA25	hg38_genes_promoters	0.0011514797359218	2.5408036918021635	0
chr20	44744379	44745094	-0.021143	11	0.84782	0.86896	KCNK15	hg38_genes_promoters	0.0003320018306127	2.9520504827401988	0
chr20	30724135	30724301	-0.077324	22	0.071273	0.1486	ANKRD20A21P	hg38_genes_promoters	7.41525326689131e-08	6.019049483574649	-1
chr20	43913808	43914359	-0.018074	10	0.435	0.45307	TOX2	hg38_genes_promoters	0.7466424685276172	0.1261040929312837	0
chr20	36235882	36236160	-0.041547	10	0.6664	0.70795	AAR2	hg38_genes_promoters	0.0173485026944469	1.562987682473535	0
chr20	31475362	31475469	-0.020886	10	0.0244	0.045286	DEFB124	hg38_genes_promoters	0.2609706917615004	0.5466854562153621	0
chr20	44407261	44407736	-0.037012	10	0.6082	0.64521	MIR3646	hg38_genes_promoters	0.0098891172285092	1.7505079711254476	0
chr20	23605852	23606404	0.013761	10	0.7981	0.78434	CST9	hg38_genes_promoters	0.5697230371095163	0.23803056242835544	0
chr20	20267878	20268733	-0.012785	11	0.694	0.70678	CFAP61-AS1	hg38_genes_promoters	0.3655279349092194	0.4187565908511103	0
chr20	4182725	4182836	0.021552	10	0.8536	0.83205	SMOX	hg38_genes_promoters	0.0043957014342037	2.0342827572389464	0
chr20	2536495	2536801	-0.045409	10	0.704	0.74941	TMC2	hg38_genes_promoters	0.0340071989999252	1.3140857554256073	0
chr21	46643512	46643822	-0.067542	10	0.7222	0.78974	PRMT2	hg38_genes_promoters	0.0008195950609814	2.642435024081585	0
chr21	46345817	46346054	-0.012082	12	0.8535	0.86558	PCNT	hg38_genes_promoters	0.0157459478968433	1.5963573019175605	0
chr21	45642817	45642893	0.020317	10	0.0376	0.017283	PCBP3	hg38_genes_promoters	1.6406244214764952e-05	4.078124342874516	0
chr21	45277800	45278024	-0.020838	10	0.8654	0.88624	POFUT2	hg38_genes_promoters	0.000342855671383	2.9484823837025242	0
chr21	45257439	45257639	-0.151243	10	0.5019	0.65314	LINC00334	hg38_genes_promoters	1.562513460932037e-10	8.384102544165803	-1
chr21	32576061	32576348	-0.028998	10	0.8115	0.8405	CFAP298-TCP10L	hg38_genes_promoters	0.0008415785265678	2.6338084286574546	0
chr21	39451686	39452093	-0.020883	13	0.79915	0.82004	SH3BGR	hg38_genes_promoters	0.0194798540659733	1.5164241904942926	0
chr21	38956847	38957402	-0.066181	10	0.3542	0.42038	LOC400867	hg38_genes_promoters	0.0694491394730711	1.0515298775172381	0
chr21	32378200	32378532	-0.046395	10	0.7648	0.8112	SNORA80A	hg38_genes_promoters	0.0006784339005476	2.7052328431474595	0
chr21	31693382	31693467	-0.012624	10	0.8759	0.88852	SCAF4	hg38_genes_promoters	0.0085533241335097	1.802138582272121	0
chr21	42389127	42389427	-0.061729	10	0.5527	0.61443	TMPRSS3	hg38_genes_promoters	0.0120189467740362	1.685043127304204	0
chr22	50563612	50564020	-0.060671	10	0.3359	0.39657	SYCE3	hg38_genes_promoters	0.0849703231153951	0.9728434733589636	0
chr22	44026125	44026369	-0.058163	10	0.6726	0.73076	PARVB	hg38_genes_promoters	0.0079282022385788	1.8307485610229595	0
chr22	43212325	43212533	0.010008	13	0.86062	0.85061	SCUBE1-AS2	hg38_genes_promoters	0.2420456876256904	0.5776733796644009	0
chr22	43038418	43038611	-0.011563	12	0.82967	0.84123	TTLL1-AS1	hg38_genes_promoters	0.0169537908318668	1.571747312615901	0
chr22	40364258	40365042	-0.013255	11	0.86073	0.87398	ADSL	hg38_genes_promoters	0.0321459749751902	1.3340411441021627	0
chr22	38134704	38135135	0.014584	11	0.85973	0.84514	PLA2G6	hg38_genes_promoters	0.5763716937144598	0.23378493140412113	0
chr22	37685350	37685761	-0.020663	11	0.75528	0.77594	NOL12	hg38_genes_promoters	0.0803233868189112	0.9943176812399289	0
chr22	37685350	37685761	-0.020663	11	0.75528	0.77594	TRIOBP	hg38_genes_promoters	0.0803233868189112	0.9943176812399289	0
chr22	37185894	37186280	-0.06221	10	0.6516	0.71381	C1QTNF6	hg38_genes_promoters	0.003468878515866	2.1185488789528595	0
chr22	36286253	36286420	-0.056362	10	0.7804	0.83676	MYH9	hg38_genes_promoters	1.7373381377683955e-05	4.061145642343432	0
chr22	36161143	36162043	-0.043711	10	0.6846	0.72831	APOL3	hg38_genes_promoters	0.0078182314387238	1.8333270889844209	0
chr22	37579899	37580235	0.016971	10	0.1244	0.10743	LGALS2	hg38_genes_promoters	0.0048711183668664	2.0042409809789654	0
chr22	31628815	31629165	0.080081	10	0.7077	0.62762	PISD	hg38_genes_promoters	0.0009777829848823	2.585610827471096	0
chr22	32202451	32202779	-0.016486	10	0.0317	0.048186	RFPL2	hg38_genes_promoters	0.0089630625786318	1.786124171879668	0
chr22	17741061	17741436	-0.02673	10	0.8266	0.85333	BID	hg38_genes_promoters	0.0012888020801901	2.496054654022198	0
chr22	20093788	20094253	-0.05331	10	0.8155	0.86881	DGCR8	hg38_genes_promoters	6.152328370209572e-06	4.430455337071214	0
chr22	20270277	20270534	-0.043333	10	0.739	0.78233	RTN4R	hg38_genes_promoters	0.0004794478667682	2.825385628546699	0
chr22	20727675	20727990	-0.024024	10	0.7725	0.79652	PI4KA	hg38_genes_promoters	0.0019950221299219	2.332336256442567	0
chr22	25358257	25358674	0.060057	10	0.5232	0.46314	LRP5L	hg38_genes_promoters	0.0107475934775007	1.7227063395728144	0
chr22	23133934	23134298	-0.016846	10	0.8683	0.88515	RSPH14	hg38_genes_promoters	0.0400047928107842	1.2534780634584513	0
chr22	23697222	23697907	0.039105	10	0.5535	0.51439	RGL4	hg38_genes_promoters	0.1097665643418235	0.8808179367539468	0
chr22	29031720	29031898	-0.074376	10	0.2521	0.32648	ZNRF3-AS1	hg38_genes_promoters	4.337407105189832e-05	3.732420182626838	0
chr22	20793890	20794427	-0.021475	10	0.6899	0.71138	PI4KA	hg38_genes_promoters	0.2812128482500812	0.5199571731312984	0
chr3	197023845	197024134	-0.040934	15	0.46173	0.50267	MELTF	hg38_genes_promoters	0.0354922970228829	1.2989602919188925	0
chr3	186242564	186242828	-0.011743	10	0.1394	0.15114	DGKG	hg38_genes_promoters	0.5080304512735138	0.2862137745399306	0
chr3	185499341	185500053	-0.034962	13	0.60746	0.64242	TMEM41A	hg38_genes_promoters	0.0260708385857023	1.4065783822751978	0
chr3	184375853	184376282	-0.016077	10	0.8368	0.85288	THPO	hg38_genes_promoters	0.013149065352446	1.6540080309521825	0
chr3	183400506	183400948	-0.047341	10	0.7697	0.81704	MCF2L2	hg38_genes_promoters	7.992998511590401e-07	5.138327119789993	-1
chr3	180601794	180601946	0.017873	10	0.2484	0.23053	TTC14-DT	hg38_genes_promoters	0.1702011889102043	0.7149405074596313	0
chr3	180601794	180601946	0.017873	10	0.2484	0.23053	TTC14	hg38_genes_promoters	0.1702011889102043	0.7149405074596313	0
chr3	170421252	170421599	-0.02169	10	0.8295	0.85119	CLDN11	hg38_genes_promoters	0.0150677064495202	1.6116859722859154	0
chr3	139583796	139583879	-0.022496	12	0.89342	0.91591	NMNAT3	hg38_genes_promoters	5.5978181560858315e-08	6.098752837507013	-1
chr3	134483364	134484048	0.022948	10	0.3759	0.35295	ANAPC13	hg38_genes_promoters	0.2868182738565311	0.5124299588379826	0
chr3	123649620	123650143	-0.021676	10	0.7108	0.73248	MYLK	hg38_genes_promoters	0.2393759905479635	0.5807769452717898	0
chr3	122679685	122680273	-0.080119	12	0.32658	0.4067	PARP14	hg38_genes_promoters	0.0003377893948578	2.9497774775650414	0
chr3	94937984	94938059	-0.024129	10	0.7963	0.82043	LINC00879	hg38_genes_promoters	2.7062950956261107e-05	3.9096916970441358	0
chr3	109100432	109101372	-0.020058	13	0.81538	0.83544	MORC1-AS1	hg38_genes_promoters	0.0612159481270518	1.0972313665911613	0
chr3	10292861	10293317	0.021937	12	0.058167	0.03623	GHRL	hg38_genes_promoters	0.0525349111282849	1.1553829353662253	0
chr3	46612162	46612687	-0.013784	11	0.72873	0.74251	FAM240A	hg38_genes_promoters	0.1266389544772917	0.8233855535884408	0
chr3	50251105	50251565	0.018819	10	0.8492	0.83038	GNAI2	hg38_genes_promoters	0.0861721633196935	0.968444936153598	0
chr3	9216456	9216701	-0.028195	10	0.8429	0.8711	SRGAP3-AS3	hg38_genes_promoters	0.0004133059611573	2.8815376261689396	0
chr3	53666003	53666372	-0.051629	10	0.4028	0.45443	CACNA1D	hg38_genes_promoters	0.0422638983861407	1.2361188284693578	0
chr3	69865586	69866298	-0.040016	10	0.7323	0.77232	MITF	hg38_genes_promoters	0.003219535491215	2.147587521368836	0
chr3	71245989	71246533	-0.062202	13	0.78115	0.84336	FOXP1	hg38_genes_promoters	1.1160159181355302e-10	8.509066623397523	-1
chr3	73404275	73405214	-0.022704	14	0.82407	0.84678	PDZRN3	hg38_genes_promoters	0.0036020134265803	2.1059002481301867	0
chr3	53235939	53236334	-0.045749	10	0.3924	0.43815	TKT	hg38_genes_promoters	0.1422792435655979	0.7774266100426355	0
chr4	154492536	154492765	0.038319	10	0.2337	0.19538	DCHS2	hg38_genes_promoters	0.0313935837585107	1.3409294840410162	0
chr4	188138332	188138891	-0.024901	12	0.61792	0.64282	TRIML1	hg38_genes_promoters	0.2244572980044833	0.6035432905955231	0
chr4	186890440	186890542	0.023024	10	0.8335	0.81048	LOC105377599	hg38_genes_promoters	0.32427192299648	0.4666082850683795	0
chr4	186597715	186598420	-0.016894	12	0.84625	0.86314	FAT1	hg38_genes_promoters	0.0003907619640366	2.8967908434943537	0
chr4	184348112	184348846	-0.05299	17	0.53929	0.59228	LINC02363	hg38_genes_promoters	0.0015904412988931	2.4196773572699968	0
chr4	155208709	155208852	0.014635	10	0.0467	0.032065	NPY2R-AS1	hg38_genes_promoters	1.7799788505832926e-06	4.874523894484541	0
chr4	155208709	155208852	0.014635	10	0.0467	0.032065	NPY2R	hg38_genes_promoters	1.7799788505832926e-06	4.874523894484541	0
chr4	119027204	119027438	-0.034939	10	0.8002	0.83514	SYNPO2	hg38_genes_promoters	0.0189154910799928	1.5278926580661782	0
chr4	37959173	37959926	-0.035739	13	0.80654	0.84228	PTTG2	hg38_genes_promoters	0.0011104079905526	2.5526471193722378	0
chr4	40514573	40514981	-0.066417	12	0.70275	0.76917	RBM47	hg38_genes_promoters	1.0700840410898214e-08	6.688687127606694	-1
chr4	20528035	20528371	-0.01791	10	0.7989	0.81681	MIR218-1	hg38_genes_promoters	0.0906867810296259	0.9504093711985339	0
chr4	2867158	2868210	-0.059172	10	0.4777	0.53687	ADD1	hg38_genes_promoters	0.0658919939885172	1.071351636902767	0
chr4	2489440	2489843	0.010758	12	0.85592	0.84516	RNF4	hg38_genes_promoters	0.5026636149243644	0.2900284664169784	0
chr4	2255028	2255243	-0.030729	10	0.8227	0.85343	MXD4	hg38_genes_promoters	9.063561318349865e-06	4.289634215311836	0
chr4	851990	852131	0.041595	10	0.8675	0.8259	GAK	hg38_genes_promoters	0.0002784073531403	3.020541329985435	0
chr4	108026655	108027202	-0.017886	10	0.8634	0.88129	HADH	hg38_genes_promoters	0.0010514729829743	2.5643226720210257	0
chr5	150125475	150125750	0.024805	10	0.8439	0.8191	PDGFRB	hg38_genes_promoters	0.0247958958991194	1.4236200769537024	0
chr5	179879318	179879519	-0.019229	10	0.8662	0.88543	TBC1D9B	hg38_genes_promoters	0.0013255677930247	2.489330930470854	0
chr5	178222563	178223227	-0.03879	10	0.8224	0.86119	PHYKPL	hg38_genes_promoters	0.0008209221775337	2.642435024081585	0
chr5	176969003	176969699	-0.04137	11	0.64118	0.68255	UIMC1	hg38_genes_promoters	0.0169121533135797	1.571747312615901	0
chr5	175656865	175657299	-0.032008	10	0.6814	0.71341	HRH2	hg38_genes_promoters	0.0759742832174812	1.0155218424456973	0
chr5	174335479	174336390	-0.0461	18	0.73089	0.77699	LINC01411	hg38_genes_promoters	1.4432081303981083e-05	4.121683915313762	0
chr5	149362636	149362877	0.023243	10	0.8621	0.83886	PCYOX1L	hg38_genes_promoters	0.0057672793816206	1.9434423465372315	0
chr5	170267533	170268005	-0.073071	10	0.3741	0.44717	LCP2	hg38_genes_promoters	0.0080821535857725	1.823851106086002	0
chr5	134460532	134461126	-0.030994	10	0.81	0.84099	LOC102546229	hg38_genes_promoters	0.0053642157574699	1.9686805483814964	0
chr5	132387806	132388814	-0.030338	10	0.516	0.54634	SLC22A5	hg38_genes_promoters	0.1647982976337962	0.7257827095119166	0
chr5	95861410	95861772	-0.013938	13	0.019615	0.033553	LOC105379091	hg38_genes_promoters	0.3267050193916	0.46418513252269367	0
chr5	75685262	75685393	-0.02511	10	0.8627	0.88781	POC5	hg38_genes_promoters	1.8810930047697494e-05	4.034375191944994	0
chr5	66209820	66210480	-0.036495	10	0.6926	0.7291	LINC02065	hg38_genes_promoters	0.0114033449830124	1.7049622307834051	0
chr5	14497551	14498102	-0.022752	10	0.8552	0.87795	TRIO	hg38_genes_promoters	0.000220642799113	3.0852035268873954	0
chr5	140558395	140558736	-0.036929	10	0.7848	0.82173	SRA1	hg38_genes_promoters	0.0045579602206991	2.020182360230034	0
chr6	160730012	160730461	-0.019267	10	0.7634	0.78267	PLG	hg38_genes_promoters	0.0279209053063093	1.3823221412514075	0
chr6	155216766	155217037	-0.059752	10	0.4702	0.52995	TIAM2	hg38_genes_promoters	0.0256938842128411	1.4117250728691193	0
chr6	154832357	154833033	-0.026833	16	0.839	0.86583	TIAM2	hg38_genes_promoters	2.4735482158483776e-05	3.9451720068890443	0
chr6	151803477	151804033	-0.027529	10	0.8288	0.85633	ESR1	hg38_genes_promoters	2.923018609014397e-06	4.708953529008332	0
chr6	150368781	150369245	-0.02141	10	0.7754	0.79681	IYD	hg38_genes_promoters	0.0318612130703506	1.3356434839216325	0
chr6	133892938	133893009	-0.016933	10	0.0584	0.075333	TARID	hg38_genes_promoters	0.6773140776056794	0.16606851345372606	0
chr6	43999878	44000643	0.017532	12	0.43392	0.41638	C6orf223	hg38_genes_promoters	0.4768485990608976	0.31132579236224384	0
chr6	43624617	43625047	-0.033133	10	0.8252	0.85833	GTPBP2	hg38_genes_promoters	2.227630788386726e-05	3.979745812481413	0
chr6	43048056	43048527	-0.018805	10	0.8581	0.8769	CUL7	hg38_genes_promoters	0.0020175292958717	2.32928506813988	0
chr6	43777339	43777599	-0.035352	10	0.8096	0.84495	VEGFA	hg38_genes_promoters	0.0063519695810817	1.9131750929835563	0
chr6	43040594	43040893	0.011171	12	0.84708	0.83591	CUL7	hg38_genes_promoters	0.313281525076938	0.47903487626380115	0
chr6	40715700	40716138	0.014552	10	0.0966	0.082048	LOC101929535	hg38_genes_promoters	0.1846220123792884	0.6843166346818874	0
chr6	39932434	39933088	-0.016771	10	0.8088	0.82557	MOCS1	hg38_genes_promoters	0.0083466905643954	1.8113139583313482	0
chr6	36674831	36675248	-0.030425	10	0.8333	0.86372	PANDAR	hg38_genes_promoters	8.02232132508782e-05	3.4912860501059133	0
chr6	34238330	34238500	0.036158	10	0.0589	0.022742	HMGA1	hg38_genes_promoters	5.750719599246161e-06	4.455026216956097	0
chr6	33746853	33747341	-0.085729	10	0.6107	0.69643	IP6K3	hg38_genes_promoters	1.0063246576759327e-06	5.045360592165926	-1
chr6	10528764	10529709	-0.019589	16	0.072375	0.091964	GCNT2	hg38_genes_promoters	0.6310262905260924	0.19602225268598525	0
chr6	2958451	2958624	0.022597	13	0.091692	0.069095	SERPINB6	hg38_genes_promoters	0.1545560136086846	0.7487661855906955	0
chr6	43040594	43040893	0.011171	12	0.84708	0.83591	KLC4	hg38_genes_promoters	0.313281525076938	0.47903487626380115	0
chr7	118214003	118214153	-0.088038	10	0.4652	0.55324	ANKRD7	hg38_genes_promoters	1.8309788787364395e-05	4.042241705022501	0
chr7	118224132	118224684	-0.023446	11	0.85218	0.87563	ANKRD7	hg38_genes_promoters	2.357805400534416e-05	3.9623803048128727	0
chr7	128841179	128841304	0.032643	10	0.7915	0.75886	FLNC	hg38_genes_promoters	0.0243159468524736	1.43091721505327	0
chr7	131506599	131506754	-0.034581	10	0.7068	0.74138	PODXL	hg38_genes_promoters	0.0053560014526174	1.9686805483814964	0
chr7	131507884	131508154	-0.054184	10	0.2372	0.29138	PODXL	hg38_genes_promoters	0.0063066841496952	1.9131750929835563	0
chr7	152162334	152163432	-0.019875	16	0.85888	0.87875	KMT2C	hg38_genes_promoters	0.0002429044482907	3.057792269633993	0
chr7	158869079	158869490	-0.020857	10	0.658	0.67886	DYNC2I1	hg38_genes_promoters	0.3130945786765708	0.47903487626380115	0
chr7	149775005	149775459	-0.035142	10	0.7088	0.74394	SSPOP	hg38_genes_promoters	0.0330306262495917	1.3256219346243898	0
chr7	156968406	156968541	0.034314	10	0.8726	0.83829	NOM1	hg38_genes_promoters	0.0018744380467961	2.352051783426524	0
chr7	99373903	99374078	-0.037632	10	0.3976	0.43523	ARPC1B	hg38_genes_promoters	0.1538206499091413	0.7489957336314357	0
chr7	132145229	132145844	-0.015107	10	0.7704	0.78551	PLXNA4	hg38_genes_promoters	0.169128455350083	0.7159101564043198	0
chr7	98125900	98126407	0.043168	10	0.2318	0.18863	LMTK2	hg38_genes_promoters	0.0065503748400821	1.9018388619110052	0
chr7	20835340	20835593	-0.040019	10	0.7846	0.82462	LINC01162	hg38_genes_promoters	0.0003413587153998	2.9484823837025242	0
chr7	92725659	92725897	-0.032599	12	0.63958	0.67218	CDK6	hg38_genes_promoters	0.0144032111905379	1.6274473863979089	0
chr7	95324469	95324577	-0.056367	10	0.5193	0.57567	PON1	hg38_genes_promoters	0.0040888896279017	2.0607421364884115	0
chr7	1501632	1501855	-0.019224	10	0.8323	0.85152	INTS1	hg38_genes_promoters	0.0099779238667481	1.7481699345398232	0
chr7	2679416	2679489	0.029086	10	0.8148	0.78571	AMZ1	hg38_genes_promoters	0.013598260097314	1.645275177406171	0
chr7	28570371	28570535	0.013071	10	0.8555	0.84243	CREB5	hg38_genes_promoters	0.13297626263258	0.8031057368790988	0
chr7	50755923	50757131	-0.03214	20	0.81205	0.84419	GRB10	hg38_genes_promoters	2.864947764787551e-07	5.497560313119823	-1
chr7	936015	936125	-0.038167	10	0.8045	0.84267	ADAP1	hg38_genes_promoters	0.0124202353045222	1.6747947932071545	0
chr7	64582613	64582713	-0.065017	14	0.74393	0.80895	LOC641746	hg38_genes_promoters	4.430670029092901e-12	9.785328868460693	-1
chr7	66088897	66089017	0.015205	10	0.8843	0.8691	ASL	hg38_genes_promoters	0.02794193498633	1.3823221412514075	0
chr7	77416670	77416965	-0.053267	10	0.3074	0.36067	GSAP	hg38_genes_promoters	0.1611674243999562	0.7332751129695583	0
chr7	77416670	77416965	-0.053267	10	0.3074	0.36067	LOC101927243	hg38_genes_promoters	0.1611674243999562	0.7332751129695583	0
chr7	56538742	56538951	-0.0648	10	0.3802	0.445	LOC101928401	hg38_genes_promoters	0.0028132098945927	2.2027042277329523	0
chr8	121639435	121639519	-0.010619	10	0.012	0.022619	HAS2-AS1	hg38_genes_promoters	0.0003143862459892	2.9730873269903952	0
chr8	144490044	144490244	-0.040797	12	0.83892	0.87971	PPP1R16A	hg38_genes_promoters	4.7478416311388446e-07	5.319573482160957	-1
chr8	144048946	144049053	0.05902	13	0.069231	0.010211	SMPD5	hg38_genes_promoters	1.407485387519474e-28	25.5843843768854	1
chr8	142726301	142726456	-0.09031	10	0.2045	0.29481	THEM6	hg38_genes_promoters	5.096395458365141e-06	4.497833903503757	0
chr8	141001259	141001305	-0.012418	12	0.010049	0.022466	PTK2	hg38_genes_promoters	9.683718445722392e-06	4.2653000576410225	0
chr8	140718052	140718508	-0.039667	10	0.777	0.81667	PTK2	hg38_genes_promoters	1.377445139708224e-05	4.137822004972582	0
chr8	140542053	140542236	0.04989	10	0.1087	0.05881	AGO2	hg38_genes_promoters	4.142949636752801e-08	6.218180959610104	1
chr8	140238519	140238758	-0.019381	13	0.85454	0.87392	TRAPPC9	hg38_genes_promoters	0.0002523912363836	3.052289832722089	0
chr8	79767512	79767564	-0.029005	10	0.0179	0.046905	LINC01607	hg38_genes_promoters	1.8236766039691207e-09	7.374970432032935	-1
chr8	142670365	142670561	-0.16179	10	0.2346	0.39639	JRK	hg38_genes_promoters	2.508396739800137e-06	4.759400776224466	0
chr8	66871146	66871498	-0.027719	10	0.7579	0.78562	MCMDC2	hg38_genes_promoters	0.0862227939793744	0.968444936153598	0
chr8	29108178	29109131	-0.02291	15	0.83353	0.85644	KIF13B	hg38_genes_promoters	0.0020587765627829	2.3223090430131266	0
chr8	23440894	23441120	-0.01495	10	0.8552	0.87015	ENTPD4	hg38_genes_promoters	0.008886080762383	1.7884393893109356	0
chr8	22109421	22109454	-0.014779	10	0.0091	0.023879	NUDT18	hg38_genes_promoters	0.0012937038809098	2.496054654022198	0
chr8	16567649	16568304	-0.0183	10	0.7927	0.811	MSR1	hg38_genes_promoters	0.0047614267100875	2.0093336771647814	0
chr8	16567649	16568304	-0.0183	10	0.7927	0.811	LOC101929028	hg38_genes_promoters	0.0047614267100875	2.0093336771647814	0
chr8	1816552	1816684	-0.073523	17	0.48398	0.55751	MIR596	hg38_genes_promoters	0.0006958418412517	2.698753786385297	0
chr8	546018	546082	-0.020462	10	0.0873	0.10776	TDRP	hg38_genes_promoters	0.0648370457383829	1.077352254200667	0
chr8	79767512	79767564	-0.029005	10	0.0179	0.046905	HEY1	hg38_genes_promoters	1.8236766039691207e-09	7.374970432032935	-1
chr9	114299499	114300041	-0.036565	10	0.7888	0.82537	COL27A1	hg38_genes_promoters	0.0003357854342537	2.9497774775650414	0
chr9	114426126	114426302	0.011738	10	0.8275	0.81576	WHRN	hg38_genes_promoters	0.3550502389654265	0.42969307719274	0
chr9	123111208	123111721	-0.028471	10	0.7253	0.75377	MIR600	hg38_genes_promoters	0.027159905218692	1.3911526764608892	0
chr9	127802645	127802753	-0.0268	10	0.0048	0.0316	FPGS	hg38_genes_promoters	5.164168709364931e-07	5.298581450661592	-1
chr9	131149080	131149807	-0.036514	10	0.6432	0.67971	NUP214	hg38_genes_promoters	0.2438900364941238	0.5752307405321988	0
chr9	128637356	128637974	-0.023363	14	0.73357	0.75693	DYNC2I2	hg38_genes_promoters	0.2343969718799737	0.5881855564900753	0
chr9	130936428	130936711	0.037286	10	0.409	0.37171	FIBCD1	hg38_genes_promoters	0.1246903514841673	0.8291910482896946	0
chr9	109039049	109040049	-0.038052	11	0.84273	0.88078	TMEM245	hg38_genes_promoters	7.442946510117073e-06	4.361685724287355	0
chr9	131446422	131446571	-0.011643	10	0.8665	0.87814	PRRC2B	hg38_genes_promoters	0.0623749799335048	1.0911244729866454	0
chr9	128150956	128151376	-0.061266	12	0.69758	0.75885	LCN2	hg38_genes_promoters	4.969940476306045e-06	4.498875082164346	0
chr9	106931692	106932396	0.013257	10	0.8302	0.81694	ZNF462	hg38_genes_promoters	0.1372662484182212	0.7920852512365942	0
chr9	94759923	94760550	-0.023736	10	0.846	0.86974	AOPEP	hg38_genes_promoters	2.182816452330917e-05	3.9848756601343283	0
chr9	95606099	95606574	-0.015729	10	0.8157	0.83143	LOC105376158	hg38_genes_promoters	0.0782378254687879	1.0037643561544103	0
chr9	95480418	95480652	-0.022179	10	0.8152	0.83738	PTCH1	hg38_genes_promoters	0.0324138915154002	1.3315631472830372	0
chr9	38620555	38620638	0.024909	12	0.033917	0.0090079	ANKRD18A	hg38_genes_promoters	1.274977558477181e-13	11.29633251195445	1
chr9	38620555	38620638	0.024909	12	0.033917	0.0090079	FAM201A	hg38_genes_promoters	1.274977558477181e-13	11.29633251195445	1
chr9	37426931	37427564	-0.027942	12	0.80592	0.83386	GRHPR	hg38_genes_promoters	0.0072026115415291	1.86656435468684	0
chr9	35662876	35663379	-0.01981	10	0.781	0.80081	ARHGEF39	hg38_genes_promoters	0.0167996262663263	1.573232823555736	0
chr9	10612945	10612996	-0.036057	10	0.0438	0.079857	PTPRD	hg38_genes_promoters	1.3841662685655049e-06	4.956914224723655	0
chr9	10612945	10612996	-0.036057	10	0.0438	0.079857	PTPRD-DT	hg38_genes_promoters	1.3841662685655049e-06	4.956914224723655	0
chr9	5896373	5897017	-0.014795	10	0.8043	0.8191	MLANA	hg38_genes_promoters	0.0494936401595411	1.1739414771093128	0
chr9	133524835	133525062	-0.025219	10	0.8234	0.84862	MYMK	hg38_genes_promoters	0.0013362302177972	2.4877605751203338	0
chr9	105519840	105519964	0.015893	16	0.72875	0.71286	RALGAPA1P1	hg38_genes_promoters	0.0136064837622009	1.645275177406171	0
chr9	136688043	136688210	-0.109427	10	0.3207	0.43013	AGPAT2	hg38_genes_promoters	2.120682567527941e-08	6.460710267519066	-1
